https://www.google.com/search?q=%22https://www.vistaprint.com/es/gallery/AF8BnAABAAAApQA=/tarjetas-de-presentaci%C3%B3n-autoadhesivas-verticales/alba%C3%B1iler%C3%ADa-y-mamposter%C3%ADa/marr%C3%B3n.aspx%22,407
https://www.google.com/search?q=%22https://www.vistaprint.com/es/design/TSP-1425695/azul-celeste-psic%C3%B3logo-camisetas-b%C3%A1sicas.aspx%22,500
https://www.google.com/search?q=%22https://www.vistaprint.com/es/gallery/IMkCiQEBAAAAAAA=/tarjetas-de-presentaci%C3%B3n-standard/relaciones-p%C3%BAblicas.aspx%22,500
https://www.google.com/search?q=%22https://www.vistaprint.com/es/tarjetas-de-presentacion/perladas/plantillas/arte-y-entretenimiento-c31/oficios-artesanales-c42%22,500
https://www.google.com/search?q=%22https://www.vistaprint.com/galleries/StudioUrl/V2?sourceId=21670_SKUMIGRATED8036967&sourceType=template%22,500
https://www.google.com/search?q=%22https://www.vistaprint.com/es/gallery/IE8BGQEBAAAA9AE=/tarjetas-de-presentaci%C3%B3n-plegadas/salud-y-servicios-sociales/rosa.aspx%22,500
https://www.google.com/search?q=%22https://www.vistaprint.com/design/3178551_156/black-stripes-folders.aspx%22,500
https://www.google.com/search?q=%22https://www.vistaprint.com/es/design/HAT-2018856/naranja-acoplado-de-tractor-gorras-estampadas.aspx%22,500
https://www.google.com/search?q=%22https://www.vistaprint.com/design/239756_065/green-baby-announcement-letterhead.aspx?xnav=gallery%22,500
https://www.google.com/search?q=%22https://www.vistaprint.com/galleries/StudioUrl/V2?sourceId=2922769_P5N&sourceType=template%22,500
https://www.google.com/search?q=%22https://www.vistaprint.com/es/design/BFR-1603241/azul-micr%C3%B3fono-tarjetas-postales-peque%C3%B1as.aspx%22,500
https://www.google.com/search?q=%22https://www.vistaprint.com/design/BFR-1602342/cream-lion-small-postcards.aspx%22,500
https://www.google.com/search?q=%22https://www.vistaprint.com/es/articulos-de-papeleria/blocs-de-notas/plantillas/salud-y-servicios-sociales-c281/material-medico-y-farmaceutico-c297%22,500
https://www.google.com/search?q=%22https://www.vistaprint.com/design/5VF-1093210/cream-first-communion-vertical-flat-invitations-5x7.aspx%22,500
https://www.google.com/search?q=%22https://www.vistaprint.com/galleries/StudioUrl/V2?sourceId=1621152_CPV&sourceType=template%22,500
https://www.google.com/search?q=%22https://www.vistaprint.com/galleries/StudioUrl/V2?sourceId=2270492_F2P&sourceType=template%22,500
https://www.google.com/search?q=%22https://www.vistaprint.com/es/design/SPC-3143/azul-cuidado-de-d%C3%ADa-tarjetas-postales.aspx%22,500
https://www.google.com/search?q=%22https://www.vistaprint.com/gallery/IGQBLQEBAAAA8QE=/stickers/medical-professionals/yellow.aspx%22,500
https://www.google.com/search?q=%22https://www.vistaprint.com/es/gallery/AP4CSAABAAAAAAA=/tarjetas-de-presentaci%C3%B3n-verticales-con-detalles-brillantes.aspx%22,500
https://www.google.com/search?q=%22https://www.vistaprint.com/design/EMP-448959/green-irish-flag-embroidered-mens-polos.aspx%22,500
https://www.google.com/search?q=%22https://www.vistaprint.com/galleries/StudioUrl/V2?sourceId=1495564_GPT&sourceType=template%22,500
https://www.google.com/search?q=%22https://www.vistaprint.com/galleries/StudioUrl/V2?sourceId=1482927_GMN&sourceType=template%22,500
https://www.google.com/search?q=%22https://www.vistaprint.com/design/PL2-1363912/orange-architect-vertical-small-product-labels-rectangle.aspx%22,500
https://www.google.com/search?q=%22https://www.vistaprint.com/galleries/api/FavoritesData/GetBookmarks?_=1566432000035&bookmarksProductGroupId=175%22,500
"https://www.google.com/search?q=%22https://www.vistaprint.com/business-cards/uncoated/templates/bold-c2207,Uncategorized,Uncategorized,Uncategorized,Uncategorized%22",500
https://www.google.com/search?q=%22https://www.vistaprint.com/stationery/pearl-invitations/templates/wedding-events-c2483/bachelorette-bachelor-parties-c2384%22,500
https://www.google.com/search?q=%22https://www.vistaprint.com/galleries/StudioUrl/V2?sourceId=4164_Q2C&sourceType=template%22,500
https://www.google.com/search?q=%22https://www.vistaprint.com/es/gallery/IEYCiAABAAAAAAA=/memorias-usb-8-gb/construcci%C3%B3n-obras-y-reformas.aspx%22,500
https://www.google.com/search?q=%22https://www.vistaprint.com/galleries/StudioUrl/V2?sourceId=900770_GN7&sourceType=template%22,500
https://www.google.com/search?q=%22https://www.vistaprint.com/design/VPS-518536/white-filmstrip-11-x-17-posters.aspx%22,500
https://www.google.com/search?q=%22https://www.vistaprint.com/es/carteles-posteres/banderas/plantillas/arte-y-entretenimiento-c31/cine-y-peliculas-c1498%22,500
https://www.google.com/search?q=%22https://www.vistaprint.com/es/design/BPS-266089/blanco-patos-pegatinas-rectangulares-para-coches.aspx%22,500
https://www.google.com/search?q=%22https://www.vistaprint.com/gallery/IFgAYQABAAAAAAA=/11-x-17-posters/car-parts-tires.aspx%22,500
https://www.google.com/search?q=%22https://www.vistaprint.com/design/PEN-1306346/green-farm-pens.aspx%22,500
https://www.google.com/search?q=%22https://www.vistaprint.com/galleries/StudioUrl/V2?sourceId=1105282_GP4&sourceType=template%22,500
https://www.google.com/search?q=%22https://www.vistaprint.com/studio.aspx?Redirect=true&alt_doc_id=HXKXF-K5A71-4T0&project_id=f78bd954-2439-4682-8d5d-058aa4348d11%22,500
https://www.google.com/search?q=%22https://www.vistaprint.com/galleries/StudioUrl/V2?sourceId=1236695_HPU&sourceType=template%22,500
https://www.google.com/search?q=%22https://www.vistaprint.com/es/design/PL3-1547666/blanco-vino-rojo-etiquetas-para-productos-grandes-rectangulares.aspx%22,500
https://www.google.com/search?q=%22https://www.vistaprint.com/galleries/StudioUrl/V2?sourceId=718056_M7G&sourceType=template%22,500
https://www.google.com/search?q=%22https://www.vistaprint.com/marketing-materials/labels-stickers/bumper-stickers/templates/animals-pet-care-c11/pet-supply-stores-c25%22,500
https://www.google.com/search?q=%22https://www.vistaprint.com/es/tarjetas-de-presentacion/relieve/plantillas/salud-y-servicios-sociales-c281/medicina-alternativa-y-holistica-c294%22,500
https://www.google.com/search?q=%22https://www.vistaprint.com/es/gallery/AB4DiwABAAAA8gE=/camisetas-de-mujer-premium/construcci%C3%B3n/naranja.aspx%22,500
https://www.google.com/search?q=%22https://www.vistaprint.com/galleries/StudioUrl/V2?sourceId=3918746_HXE&sourceType=template%22,500
https://www.google.com/search?q=%22https://www.vistaprint.com/galleries/StudioUrl/V2?sourceId=504213_Q3U&sourceType=template%22,500
https://www.google.com/search?q=%22https://www.vistaprint.com/business-cards/standard/templates/marketing-communications-c376%22,500
https://www.google.com/search?q=%22https://www.vistaprint.com/es/gallery/IEEASAkBAAAA8gE=/invitaciones-y-comunicados/aniversario/%22,500
https://www.google.com/search?q=%22https://www.vistaprint.com/gallery/IAkAjgABAAAA9gE=/letterhead/cleaning-services/brown.aspx%22,500
https://www.google.com/search?q=%22https://www.vistaprint.com/galleries/StudioUrl/V2?sourceId=2371425_GMN&sourceType=template%22,500
https://www.google.com/search?q=%22https://www.vistaprint.com/studio4/api/studiourl?Redirect=true&ag=True&sourceId=2763905_084&sourceType=template%22,500
https://www.google.com/search?q=%22https://www.vistaprint.com/es/gallery/IH4DXQABAAAAAAA=/imanes-grandes/automocion-y-transporte.aspx%22,500
https://www.google.com/search?q=%22https://www.vistaprint.com/studio.aspx?ag=true&alt_doc_id=4MQ7K-L5A98-1E8&project_id=a13467c7-e818-4548-9738-e9d234dc5b78%22,500
https://www.google.com/search?q=%22https://www.vistaprint.com/galleries/api/FavoritesData/GetBookmarks?_=1569110400044&bookmarksProductGroupId=220%22,500
https://www.google.com/search?q=%22https://www.vistaprint.com/galleries/StudioUrl/V2?sourceId=3616857_PWG&sourceType=template%22,500
https://www.google.com/search?q=%22https://www.vistaprint.com/es/design/BFR-1603732/verde-flor-tarjetas-postales-peque%C3%B1as.aspx%22,500
https://www.google.com/search?q=%22https://www.vistaprint.com/es/gallery/IGABUAYBAAAA8AE=/etiquetas-para-env%C3%ADos-peque%C3%B1as/campamentos-de-verano/blanco.aspx%22,500
https://www.google.com/search?q=%22https://www.vistaprint.com/es/design/5PV-805090/crema-beb%C3%A9-fundas-protectoras-para-iphone-5-5s.aspx%22,500
https://www.google.com/search?q=%22https://www.vistaprint.com/digital-marketing/websites/templates/2539-e-commerce%22,500
https://www.google.com/search?q=%22https://www.vistaprint.com/design/2045779_065/white-cake-letterhead.aspx%22,500
https://www.google.com/search?q=%22https://www.vistaprint.com/galleries/StudioUrl/V2?sourceId=2859969_PW4&sourceType=template%22,500
https://www.google.com/search?q=%22https://www.vistaprint.com/galleries/StudioUrl/V2?sourceId=4471319_GN7&sourceType=template%22,500
https://www.google.com/search?q=%22https://www.vistaprint.com/clothing-bags/hats-1/hats/templates/moving-c901%22,500
https://www.google.com/search?q=%22https://www.vistaprint.com/galleries/StudioUrl/V2?sourceId=1461329_MGM&sourceType=template%22,500
https://www.google.com/search?q=%22https://www.vistaprint.com/business-cards/linen/templates/using-your-photos-logos-c1474%22,500
https://www.google.com/search?q=%22https://www.vistaprint.com/galleries/StudioUrl/V2?sourceId=3366570_CHN&sourceType=template%22,500
https://www.google.com/search?q=%22https://www.vistaprint.com/galleries/StudioUrl/V2?sourceId=822220_P8K&sourceType=template%22,500
https://www.google.com/search?q=%22https://www.vistaprint.com/galleries/StudioUrl/V2?sourceId=648545_HXT&sourceType=template%22,500
https://www.google.com/search?q=%22https://www.vistaprint.com/galleries/api/FavoritesData/GetBookmarks?_=1536969600103&bookmarksProductGroupId=96%22,500
https://www.google.com/search?q=%22https://www.vistaprint.com/design/SBC-112988/green-parrot-business-card-stickers.aspx%22,500
https://www.google.com/search?q=%22https://www.vistaprint.com/marketing-materials/postcard-mailing-services/templates/marketing-communications-c376/journalism-media-c381%22,500
https://www.google.com/search?q=%22https://www.vistaprint.com/es/gallery/AHIBpAgBAAAA7wE=/etiquetas-adhesivas/floral/rojo.aspx%22,500
https://www.google.com/search?q=%22https://www.vistaprint.com/galleries/StudioUrl/V2?sourceId=4062_Q2C&sourceType=template%22,500
https://www.google.com/search?q=%22https://www.vistaprint.com/design/57V-196861/traditional-red-holiday-vertical-flat-holiday-cards-5x7.aspx%22,500
https://www.google.com/search?q=%22https://www.vistaprint.com/galleries/api/FavoritesData/GetBookmarks?_=1567036800035&bookmarksProductGroupId=208%22,500
https://www.google.com/search?q=%22https://www.vistaprint.com/galleries/StudioUrl/V2?sourceId=2916004_SKU-Migrated-8149112&sourceType=template%22,500
https://www.google.com/search?q=%22https://www.vistaprint.com/es/ropa-bolsas/camisetas-para-caballero/hanes-tagless-ink-printed-short-sleeve-t-shirt/plantillas/comida-y-bebida-c231/supermercados-c241%22,500
https://www.google.com/search?q=%22https://www.vistaprint.com/galleries/StudioUrl/V2?sourceId=3283875_P9R&sourceType=template%22,500
"https://www.google.com/search?q=%22https://www.vistaprint.com/stationery/place-cards/templates/yellow-a497,Uncategorized,Uncategorized,Uncategorized,Uncategorized%22",500
https://www.google.com/search?q=%22https://www.vistaprint.com/gallery/AEkDvgkBAAAAAAA=/ultra-thick-business-cards/sports.aspx%22,500
https://www.google.com/search?q=%22https://www.vistaprint.com/design/WMG-184964/white-peacock-wedding-save-the-date-magnets.aspx%22,500
"https://www.google.com/search?q=%22https://www.vistaprint.com/business-cards/colorfill/templates/food-beverage-c231/catering-c234,Uncategorized,Uncategorized%22",500
https://www.google.com/search?q=%22https://www.vistaprint.com/gallery/IAMAogIBAAAA-AE=/postcards/events/black.aspx%22,500
https://www.google.com/search?q=%22https://www.vistaprint.com/es/carteles-posteres/lonas-retractiles/plantillas/leyes-seguridad-publica-y-politica-c407%22,500
https://www.google.com/search?q=%22https://www.vistaprint.com/galleries/StudioUrl/V2?sourceId=2785832_CPV&sourceType=template%22,500
https://www.google.com/search?q=%22https://www.vistaprint.com/galleries/StudioUrl/V2?sourceId=3490977_CDZ&sourceType=template%22,500
https://www.google.com/search?q=%22https://www.vistaprint.com/design/PCE-1211174/blue-bunting-a-2-envelopes.aspx%22,500
https://www.google.com/search?q=%22https://www.vistaprint.com/galleries/StudioUrl/V2?sourceId=241974_Q2C&sourceType=template%22,500
https://www.google.com/search?q=%22https://www.vistaprint.com/galleries/StudioUrl/V2?sourceId=2667966_JLY&sourceType=template%22,503
https://www.google.com/search?q=%22https://www.vistaprint.com/es/design/WDM-930189/rosa-flor-men%C3%BAs-planos-verticales-95-x-210-mm.aspx%22,503
https://www.google.com/search?q=%22https://www.vistaprint.com/galleries/StudioUrl/V2?sourceId=1864713_MGK&sourceType=template%22,503
https://www.google.com/search?q=%22https://www.vistaprint.com/design/MGL-670899/yellow-real-estate-car-magnets-11.5-x-17.6.aspx%22,503
https://www.google.com/search?q=%22https://www.vistaprint.com/es/gallery/IF4B0gEBAAAA8AE=/tarjetas-de-presentaci%C3%B3n-autoadhesivas/ropa/blanco.aspx%22,503
https://www.google.com/search?q=%22https://www.vistaprint.com/signs-posters/foam-board-signs?txi-17512-xnid-TopNav-Foam-BoardsMD=%22,503
https://www.google.com/search?q=%22https://www.vistaprint.com/gallery/AGQB_wEBAAAAAAA=/stickers/hobbies-toys-games.aspx%22,503
https://www.google.com/search?q=%22https://www.vistaprint.com/design/LNS-166967/gray-bridal-12-x-18-yard-signs.aspx%22,503
https://www.google.com/search?q=%22https://www.vistaprint.com/signs-posters/posters/templates/nature-landscapes-c2198%22,503
https://www.google.com/search?q=%22https://www.vistaprint.com/es/design/B73-868242/black-sports-and-fitness-tarjetas-de-presentaci%C3%B3n-standard.aspx%22,503
https://www.google.com/search?q=%22https://www.vistaprint.com/promotional-products.aspx?txi=16982&xnav=TopNav&xnid=TopNav_Promotional+Products+(linked+item)_Marketing+Materials%22,503
https://www.google.com/search?q=%22https://www.vistaprint.com/es/gallery/AF4B2gUBAAAApgA=/tarjetas-de-presentaci%C3%B3n-autoadhesivas/cine-y-pel%C3%ADculas/gris.aspx%22,503
https://www.google.com/search?q=%22https://www.vistaprint.com/galleries/api/FavoritesData/GetBookmarks?_=1566518400035&bookmarksProductGroupId=208%22,503
https://www.google.com/search?q=%22https://www.vistaprint.com/galleries/StudioUrl/V2?sourceId=724931_HXT&sourceType=template%22,503
https://www.google.com/search?q=%22https://www.vistaprint.com/galleries/StudioUrl/V2?sourceId=2495432_JLY&sourceType=template%22,503
https://www.google.com/search?q=%22https://www.vistaprint.com/es/design/B7L-873201/blanco-estrella-de-david-tarjetas-recordatorio-de-citas.aspx%22,503
https://www.google.com/search?q=%22https://www.vistaprint.com/galleries/StudioUrl/V2?sourceId=3859530_SKUMIGRATED19374&sourceType=template%22,503
https://www.google.com/search?q=%22https://www.vistaprint.com/es/gallery/IDEA-QUBAAAA8AE=/tarjetas-informativas/bares-y-discotecas/blanco.aspx%22,503
https://www.google.com/search?q=%22https://www.vistaprint.com/es/design/PL1-1460481/negro-motocicleta-distribuidor-etiquetas-para-productos-peque%C3%B1as-rectangulares.aspx%22,503
https://www.google.com/search?q=%22https://www.vistaprint.com/galleries/StudioUrl/V2?sourceId=47500_MJ3&sourceType=template%22,503
https://www.google.com/search?q=%22https://www.vistaprint.com/galleries/StudioUrl/V2?sourceId=3985592_GN7&sourceType=template%22,503
https://www.google.com/search?q=%22https://www.vistaprint.com/design/57V-1736516/yellow-let-it-snow-vertical-flat-holiday-cards-5x7.aspx%22,503
https://www.google.com/search?q=%22https://www.vistaprint.com/studio4/api/studiourl?Redirect=true&ag=True&sourceId=1459255_084&sourceType=template%22,503
https://www.google.com/search?q=%22https://www.vistaprint.com/galleries/StudioUrl/V2?sourceId=3316998_CK5&sourceType=template%22,503
https://www.google.com/search?q=%22https://www.vistaprint.com/es/gallery/INADnQYBAAAAAAA=/carteles-de-espuma/consultor%C3%ADa-de-empresas.aspx%22,503
https://www.google.com/search?q=%22https://www.vistaprint.com/galleries/StudioUrl/V2?sourceId=732921_M7G&sourceType=template%22,503
https://www.google.com/search?q=%22https://www.vistaprint.com/es/design/B7F-2636909/blanco-clavos-tarjetas-de-presentaci%C3%B3n-standard-verticales.aspx%22,503
https://www.google.com/search?q=%22https://www.vistaprint.com/es/gallery/IGQBeQEBAAAAmgA=/etiquetas-adhesivas/publicidad/azul.aspx%22,503
https://www.google.com/search?q=%22https://www.vistaprint.com/design/09E-55239/white-hanukkah-9-envelopes.aspx%22,503
https://www.google.com/search?q=%22https://www.vistaprint.com/es/gallery/IGYBdgEBAAAA7gE=/etiquetas-para-productos-peque%C3%B1as-rectangulares/apoyo-t%C3%A9cnico/azul.aspx%22,503
https://www.google.com/search?q=%22https://www.vistaprint.com/gallery/IHEDwgUEAAAAAAA=/18-x-27-yard-signs/using-your-photos-logos-4.aspx%22,503
https://www.google.com/search?q=%22https://www.vistaprint.com/gallery/AAQERAIBAAAA9wE=/10-envelopes/travel-accommodation/gray.aspx%22,503
https://www.google.com/search?q=%22https://www.vistaprint.com/galleries/StudioUrl/V2?sourceId=2403474_CPV&sourceType=template%22,503
https://www.google.com/search?q=%22https://www.vistaprint.com/gallery/AAsEGgABAAAA8gE=/5x7-envelopes/pet-sitting-dog-walking/orange.aspx%22,503
https://www.google.com/search?q=%22https://www.vistaprint.com/galleries/StudioUrl/V2?sourceId=3093584_389&sourceType=template%22,503
https://www.google.com/search?q=%22https://www.vistaprint.com/gallery/AGYBAQABAAAA7wE=/small-product-labels-rectangle/industry/red.aspx%22,503
https://www.google.com/search?q=%22https://www.vistaprint.com/galleries/api/FavoritesData/GetBookmarks?_=1546041600114&bookmarksProductGroupId=227%22,503
https://www.google.com/search?q=%22https://www.vistaprint.com/design/PFD-734453/green-tree-removal-folders.aspx%22,503
https://www.google.com/search?q=%22https://www.vistaprint.com/design/SK6-1149234/light-red-watercolor-small-stickers-circle.aspx%22,503
https://www.google.com/search?q=%22https://www.vistaprint.com/galleries/StudioUrl/V2?sourceId=4881007_P5N&sourceType=template%22,503
https://www.google.com/search?q=%22https://www.vistaprint.com/es/gallery/IHIB5AkBAAAAAAA=/etiquetas-adhesivas.aspx?category_id=2216%22,503
https://www.google.com/search?q=%22https://www.vistaprint.com/galleries/StudioUrl/V2?sourceId=3415615_CE9&sourceType=template%22,503
https://www.google.com/search?q=%22https://www.vistaprint.com/galleries/api/FavoritesData/GetBookmarks?_=1559001600034&bookmarksProductGroupId=3%22,503
https://www.google.com/search?q=%22https://www.vistaprint.com/design/SPC-708047/purple-cosmetics-postcards.aspx%22,503
https://www.google.com/search?q=%22https://www.vistaprint.com/galleries/StudioUrl/V2?sourceId=532716_Q3U&sourceType=template%22,407
https://www.google.com/search?q=%22https://www.vistaprint.com/es/gallery/IEkDAAARAAAA7wE=/tarjetas-de-presentaci%C3%B3n-ultra-thick/rojo-17.aspx%22,407
https://www.google.com/search?q=%22https://www.vistaprint.com/galleries/StudioUrl/V2?sourceId=1338908_JW3&sourceType=template%22,429
https://www.google.com/search?q=%22https://www.vistaprint.com/es/design/PL5-1846738/amarillo-pedazos-del-rompecabezas-etiquetas-peque%C3%B1as-para-productos-en-formato-ovalado.aspx%22,429
https://www.google.com/search?q=%22https://www.vistaprint.com/design/LNL-2021744/gray-trucking-18-x-27-yard-signs.aspx%22,429
https://www.google.com/search?q=%22https://www.vistaprint.com/galleries/StudioUrl/V2?sourceId=2060355_D03&sourceType=template%22,429
https://www.google.com/search?q=%22https://www.vistaprint.com/design/17183_A9K/cream-flower-folded-business-cards.aspx%22,429
https://www.google.com/search?q=%22https://www.vistaprint.com/studio4/api/studiourl?Redirect=true&ag=True&sourceId=2747420_084&sourceType=template%22,429
https://www.google.com/search?q=%22https://www.vistaprint.com/es/design/BPS-585135/blanco-profesional-pegatinas-rectangulares-para-coches.aspx%22,429
https://www.google.com/search?q=%22https://www.vistaprint.com/design/LNS-2547408/brown-baseball-field-12-x-18-yard-signs.aspx%22,429
https://www.google.com/search?q=%22https://www.vistaprint.com/galleries/StudioUrl/V2?sourceId=227423_SKU-545363&sourceType=template%22,429
https://www.google.com/search?q=%22https://www.vistaprint.com/es/articulos-de-papeleria/etiquetas-para-envios/plantillas/medioambiental-c1790%22,429
https://www.google.com/search?q=%22https://www.vistaprint.com/galleries/StudioUrl/V2?sourceId=5049991_PE1&sourceType=template%22,429
https://www.google.com/search?q=%22https://www.vistaprint.com/galleries/StudioUrl/V2?sourceId=2321640_JLY&sourceType=template%22,429
https://www.google.com/search?q=%22https://www.vistaprint.com/es/gallery/AFQDugkBAAAAAAA=/tarjetas-de-presentaci%C3%B3n-verticales-signature/preppy.aspx%22,429
https://www.google.com/search?q=%22https://www.vistaprint.com/studio.aspx?ag=true&project_id=9f2c2d3a-0abb-4534-b17a-e3ded2851bb3%22,429
https://www.google.com/search?q=%22https://www.vistaprint.com/es/tarjetas-de-presentacion/linen/plantillas/automocion-y-transporte-c93/neumaticos-y-repuestos-de-automovil-c97%22,429
https://www.google.com/search?q=%22https://www.vistaprint.com/vp/ns/my_account/order_history.aspx?pr_api_key=13b3b298-dbf6-49c3-a55e-2b58ff5328e1&pr_merchant_group_id=77359&pr_merchant_id=685351&pr_page_id=MP-345560%22,429
https://www.google.com/search?q=%22https://www.vistaprint.com/stationery/appointment-cards/templates/information-technology-c364%22,429
https://www.google.com/search?q=%22https://www.vistaprint.com/galleries/StudioUrl/V2?sourceId=1695079_NE4&sourceType=template%22,429
https://www.google.com/search?q=%22https://www.vistaprint.com/es/design/B7P-880090/crema-gato-siam%C3%A9s-tarjetas-de-fidelizaci%C3%B3n.aspx%22,429
https://www.google.com/search?q=%22https://www.vistaprint.com/galleries/StudioUrl/V2?sourceId=1848766_GP4&sourceType=template%22,429
https://www.google.com/search?q=%22https://www.vistaprint.com/es/articulos-de-papeleria/notas-autoadhesivas/plantillas/construccion-obras-y-reformas-c136/pavimentacion-c816%22,429
https://www.google.com/search?q=%22https://www.vistaprint.com/es/design/B7F-2409970/gris-consejero-de-la-universidad-tarjetas-de-presentaci%C3%B3n-standard-verticales.aspx%22,429
https://www.google.com/search?q=%22https://www.vistaprint.com/business-cards/pearl/templates/education-child-care-c166/tutoring-training-c171%22,429
https://www.google.com/search?q=%22https://www.vistaprint.com/galleries/StudioUrl/V2?sourceId=2737229_GNY&sourceType=template%22,429
https://www.google.com/search?q=%22https://www.vistaprint.com/galleries/StudioUrl/V2?sourceId=3233373_PE1&sourceType=template%22,429
https://www.google.com/search?q=%22https://www.vistaprint.com/gallery/IGQBeAABAAAAAAA=/stickers.aspx%22,429
https://www.google.com/search?q=%22https://www.vistaprint.com/design/MGP-156561/green-car-mugs.aspx%22,429
https://www.google.com/search?q=%22https://www.vistaprint.com/galleries/StudioUrl/V2?sourceId=661360_NPB&sourceType=template%22,429
https://www.google.com/search?q=%22https://www.vistaprint.com/es/ropa-bolsas/camisetas-para-caballero/fruit-of-the-loom-ink-printed-heavy-cotton-hd/plantillas/automocion-y-transporte-c93%22,429
https://www.google.com/search?q=%22https://www.vistaprint.com/galleries/StudioUrl/V2?sourceId=1175689_SKU606419&sourceType=template%22,429
https://www.google.com/search?q=%22https://www.vistaprint.com/design/RAL-2488654/white-clouds-return-address-labels.aspx%22,429
https://www.google.com/search?q=%22https://www.vistaprint.com/galleries/StudioUrl/V2?sourceId=4918368_SKU677063&sourceType=template%22,429
https://www.google.com/search?q=%22https://www.vistaprint.com/galleries/StudioUrl/V2?sourceId=5037234_SKU-Migrated-22948&sourceType=template%22,429
https://www.google.com/search?q=%22https://www.vistaprint.com/galleries/StudioUrl/V2?sourceId=62572_HPU&sourceType=template%22,429
https://www.google.com/search?q=%22https://www.vistaprint.com/gallery/IAUEcAABAAAA7wE=/envelopes/beauty-spa/red.aspx%22,429
https://www.google.com/search?q=%22https://www.vistaprint.com/galleries/StudioUrl/V2?sourceId=5319772_SKU680372&sourceType=template%22,429
https://www.google.com/search?q=%22https://www.vistaprint.com/es/design/SPC-814587/amarillo-enchufe-tarjetas-postales.aspx%22,429
https://www.google.com/search?q=%22https://www.vistaprint.com/es/design/SBC-299891/azul-inmobiliario-tarjetas-de-presentaci%C3%B3n-autoadhesivas.aspx%22,429
https://www.google.com/search?q=%22https://www.vistaprint.com/galleries/StudioUrl/V2?sourceId=4639211_PE1&sourceType=template%22,429
https://www.google.com/search?q=%22https://www.vistaprint.com/studio/review.aspx?alt_doc_id=0QR01-L5A12-3F6&cart_alt_doc_id=0QR01-L5A12-3F6&project_id=b79d2037-408f-456b-89ac-249c04a1e2d3%22,429
https://www.google.com/search?q=%22https://www.vistaprint.com/es/gallery/IMoDCwABAAAAAAA=/carteles-de-espuma/animales-y-mascotas.aspx%22,429
https://www.google.com/search?q=%22https://www.vistaprint.com/galleries/StudioUrl/V2?sourceId=4352196_PE1&sourceType=template%22,429
https://www.google.com/search?q=%22https://www.vistaprint.com/es/design/TSP-2834730/negro-herramientas-camisetas-b%C3%A1sicas.aspx%22,429
https://www.google.com/search?q=%22https://www.vistaprint.com/design/BLX-2142207/blue-massage-36-x-48-posters.aspx%22,429
"https://www.google.com/search?q=%22https://www.vistaprint.com/marketing-materials/labels-stickers/product-labels/templates/small-a115/information-technology-c364/computer-sales-c367,Uncategorized,Uncategorized%22",429
https://www.google.com/search?q=%22https://www.vistaprint.com/design/FNC-483223/green-love-horizontal-folded-note-cards-5.5x4.aspx%22,429
https://www.google.com/search?q=%22https://www.vistaprint.com/design/EMP-592850/blue-communication-embroidered-mens-polos.aspx%22,429
https://www.google.com/search?q=%22https://www.vistaprint.com/design/PL2-1014746/gray-hvac-vertical-small-product-labels-rectangle.aspx%22,429
https://www.google.com/search?q=%22https://www.vistaprint.com/gallery/ILYFtAEBAAAA9QE=/rounded-corner-business-cards-standard-matte/green.aspx%22,429
https://www.google.com/search?q=%22https://www.vistaprint.com/gallery/IAYArQgDAAAAAAA=/return-address-labels/retro-vintage-3.aspx%22,429
https://www.google.com/search?q=%22https://www.vistaprint.com/es/design/PEN-1631172/negro-instalaci%C3%B3n-wallpaper-bol%C3%ADgrafos.aspx%22,429
https://www.google.com/search?q=%22https://www.vistaprint.com/design/BDW-2154461/dark-blue-grand-opening-jumbo-postcards.aspx%22,429
https://www.google.com/search?q=%22https://www.vistaprint.com/es/materiales-de-mercadeo/servicios-de-envio-para-postales/plantillas/animales-y-mascotas-c11/cuidado-de-mascotas-y-paseos-de-perros-c26%22,429
https://www.google.com/search?q=%22https://www.vistaprint.com/es/gallery/ALUBqwABAAAA7gE=/polos-bordados-de-mujer/tutor-privado-y-clases-particulares/azul.aspx%22,429
"https://www.google.com/search?q=%22https://www.vistaprint.com/es/tarjetas-de-presentacion/textura-rugosa/plantillas/construccion-obras-y-reformas-c136/pintura-y-decoracion-de-paredes-c158,Uncategorized,Uncategorized%22",429
https://www.google.com/search?q=%22https://www.vistaprint.com/galleries/StudioUrl/V2?sourceId=3408237_CM3&sourceType=template%22,429
https://www.google.com/search?q=%22https://www.vistaprint.com/es/design/SNP-61223/blanco-hoja-verde-blocs-de-notas.aspx%22,429
https://www.google.com/search?q=%22https://www.vistaprint.com/galleries/StudioUrl/V2?sourceId=1362343_SKUMIGRATED19350&sourceType=template%22,429
https://www.google.com/search?q=%22https://www.vistaprint.com/es/carteles-posteres/posteres-en-grandes-cantidades/plantillas/sector-inmobiliario-c428/gestores-inmobiliarios-c437%22,429
https://www.google.com/search?q=%22https://www.vistaprint.com/design/CRL-748617/white-flamingo-return-address-labels.aspx%22,429
https://www.google.com/search?q=%22https://www.vistaprint.com/gallery/IAUEpgAFAAAAAAA=/envelopes/education-child-care-5.aspx%22,429
"https://www.google.com/search?q=%22https://www.vistaprint.com/stationery/letterhead/templates/geometric-borders-c2203,Uncategorized,Uncategorized,Uncategorized,Uncategorized%22",429
https://www.google.com/search?q=%22https://www.vistaprint.com/gallery/IH4DGAABAAAAAAA=/postcard-magnets/animal-grooming.aspx%22,429
https://www.google.com/search?q=%22https://www.vistaprint.com/studio4/api/studiourl?Redirect=true&ag=True&sourceId=2688338_126&sourceType=template%22,429
https://www.google.com/search?q=%22https://www.vistaprint.com/clothing-bags/mens-t-shirts/fruit-of-the-loom-ink-printed-heavy-cotton-hd/templates/automotive-transportation-c93/mechanics-auto-body-c106%22,429
https://www.google.com/search?q=%22https://www.vistaprint.com/my-services/redirect.aspx%22,429
https://www.google.com/search?q=%22https://www.vistaprint.com/es/articulos-de-papeleria/sellos-para-sobres/plantillas/verde-a501%22,429
https://www.google.com/search?q=%22https://www.vistaprint.com/es/design/SPC-1842310/negro-remolino-tarjetas-postales.aspx%22,429
https://www.google.com/search?q=%22https://www.vistaprint.com/galleries/api/FavoritesData/GetBookmarks?_=1566172800035&bookmarksProductGroupId=215%22,429
https://www.google.com/search?q=%22https://www.vistaprint.com/design/PMG-74659/purple-dandelion-postcard-magnets.aspx%22,429
https://www.google.com/search?q=%22https://www.vistaprint.com/dlp/bridal-shower-name-tags.aspx%22,429
https://www.google.com/search?q=%22https://www.vistaprint.com/es/gallery/IOoCxAEBAAAA7gE=/tarjetas-de-fidelizaci%C3%B3n/comercios/azul.aspx%22,429
https://www.google.com/search?q=%22https://www.vistaprint.com/studio.aspx?Redirect=true&project_id=3ae49515-fc14-4686-8c9f-8d670dd88ab7%22,429
https://www.google.com/search?q=%22https://www.vistaprint.com/es/design/HRL-457434/blanco-regalo-etiquetas-para-remitente.aspx%22,429
https://www.google.com/search?q=%22https://www.vistaprint.com/galleries/api/FavoritesData/GetBookmarks?_=1567468800101&bookmarksProductGroupId=112%22,429
https://www.google.com/search?q=%22https://www.vistaprint.com/gallery/AGgBRAIBAAAA7gE=/large-product-labels-rectangle/travel-accommodation/blue.aspx%22,429
https://www.google.com/search?q=%22https://www.vistaprint.com/galleries/StudioUrl/V2?sourceId=4206225_HXX&sourceType=template%22,429
https://www.google.com/search?q=%22https://www.vistaprint.com/design/LVN-1553626/yellow-yellow-flower-24-x-36-posters.aspx%22,429
https://www.google.com/search?q=%22https://www.vistaprint.com/galleries/StudioUrl/V2?sourceId=4607378_PDU&sourceType=template%22,429
https://www.google.com/search?q=%22https://www.vistaprint.com/galleries/StudioUrl/V2?sourceId=4021517_F5T&sourceType=template%22,429
https://www.google.com/search?q=%22https://www.vistaprint.com/galleries/api/FavoritesData/GetBookmarks?_=1566777600024&bookmarksProductGroupId=196%22,429
https://www.google.com/search?q=%22https://www.vistaprint.com/design/TSP-62664/orange-bike-basic-t-shirts.aspx%22,429
https://www.google.com/search?q=%22https://www.vistaprint.com/gallery/ILQBaAABAAAAAAA=/embroidered-mens-polos/moving-storage.aspx%22,429
https://www.google.com/search?q=%22https://www.vistaprint.com/gallery/AB8AnQgBAAAA9gE=/pens/patterns/brown.aspx%22,429
https://www.google.com/search?q=%22https://www.vistaprint.com/studio.aspx?Redirect=true&page=1&project_id=4c486f77-89a0-4312-b98b-abaaaa29159a%22,429
https://www.google.com/search?q=%22https://www.vistaprint.com/photo-gifts/mousepads/templates/general-party-c905/childrens-party-c944%22,429
https://www.google.com/search?q=%22https://www.vistaprint.com/galleries/StudioUrl/V2?sourceId=2389608_GNR&sourceType=template%22,429
https://www.google.com/search?q=%22https://www.vistaprint.com/es/gallery/IGQDRAIBAAAA8wE=/fundas-para-iphone-4-4s-livianas/viajes-y-alojamiento/violeta.aspx%22,429
https://www.google.com/search?q=%22https://www.vistaprint.com/galleries/StudioUrl/V2?sourceId=3561826_EEB&sourceType=template%22,429
https://www.google.com/search?q=%22https://www.vistaprint.com/gallery/IE8BSAABAAAA7wE=/folded-business-cards/music/red.aspx%22,429
https://www.google.com/search?q=%22https://www.vistaprint.com/galleries/StudioUrl/V2?sourceId=4775825_QFH&sourceType=template%22,429
https://www.google.com/search?q=%22https://www.vistaprint.com/marketing-materials/labels-stickers/gift-tags/templates/holiday-c903/hanukkah-c993%22,429
https://www.google.com/search?q=%22https://www.vistaprint.com/es/design/SBC-153934/gris-mec%C3%A1nico-tarjetas-de-presentaci%C3%B3n-autoadhesivas.aspx%22,429
https://www.google.com/search?q=%22https://www.vistaprint.com/design/B7F-1106204/green-house-vertical-standard-business-cards.aspx%22,429
"https://www.google.com/search?q=%22https://www.vistaprint.com/clothing-bags/hats-1/printed-hats/templates/agriculture-farming-c1018,Uncategorized,Uncategorized,Uncategorized,Uncategorized%22",429
https://www.google.com/search?q=%22https://www.vistaprint.com/es/gallery/IAYAggABAAAA9gE=/etiquetas-para-remitente/atencion-al-cliente/marr%C3%B3n.aspx%22,429
https://www.google.com/search?q=%22https://www.vistaprint.com/es/gallery/IKYBbgEBAAAAAAA=/flyers/desarrollo-de-software.aspx%22,429
https://www.google.com/search?q=%22https://www.vistaprint.com/gallery/IKMB7gABAAAA9QE=/flyers/bakeries/green.aspx%22,429
https://www.google.com/search?q=%22https://www.vistaprint.com/galleries/StudioUrl/V2?sourceId=1560789_D2E&sourceType=template%22,429
https://www.google.com/search?q=%22https://www.vistaprint.com/galleries/StudioUrl/V2?sourceId=876271_JTM&sourceType=template%22,429
https://www.google.com/search?q=%22https://www.vistaprint.com/galleries/StudioUrl/V2?sourceId=1308716_GMY&sourceType=template%22,429
https://www.google.com/search?q=%22https://www.vistaprint.com/galleries/StudioUrl/V2?sourceId=9953_QHJ&sourceType=template%22,429
https://www.google.com/search?q=%22https://www.vistaprint.com/es/design/RAL-37515/gris-tijeras-etiquetas-para-remitente.aspx%22,429
https://www.google.com/search?q=%22https://www.vistaprint.com/es/design/B7F-1107028/azul-cita-tarjetas-de-presentaci%C3%B3n-standard-verticales.aspx%22,429
https://www.google.com/search?q=%22https://www.vistaprint.com/galleries/StudioUrl/V2?sourceId=4434911_HPU&sourceType=template%22,429
https://www.google.com/search?q=%22https://www.vistaprint.com/gallery/AHIDGAIBAAAAAAA=/12-x-18-yard-signs/hunting-fishing.aspx%22,429
https://www.google.com/search?q=%22https://www.vistaprint.com/galleries/StudioUrl/V2?sourceId=606548_SKUMIGRATED67918&sourceType=template%22,429
https://www.google.com/search?q=%22https://www.vistaprint.com/design/CRL-78084/blue-4th-of-july-return-address-labels.aspx%22,429
https://www.google.com/search?q=%22https://www.vistaprint.com/design/PL4-1785067/tan-floral-vertical-large-product-labels-rectangle.aspx%22,500
https://www.google.com/search?q=%22https://www.vistaprint.com/es/gallery/IH0BLQEBAAAAAAA=/tarjeteros-met%C3%A1licos-grabados/profesionales-de-la-medicina.aspx?category_id=281%22,500
https://www.google.com/search?q=%22https://www.vistaprint.com/gallery/AI8ChwMBAAAA8AE=/horizontal-flat-note-cards-5.5x4/holiday/white.aspx%22,500
https://www.google.com/search?q=%22https://www.vistaprint.com/design/10E-420140/white-explosion-10-envelopes.aspx%22,500
https://www.google.com/search?q=%22https://www.vistaprint.com/galleries/StudioUrl/V2?sourceId=3692059_PX0&sourceType=template%22,500
https://www.google.com/search?q=%22https://www.vistaprint.com/es/design/VPS-516827/azul-bandera-sueca-p%C3%B3steres-de-11%E2%80%9D-x-17%E2%80%9D.aspx%22,500
https://www.google.com/search?q=%22https://www.vistaprint.com/gallery/ICcDwgUBAAAA8gE=/car-magnets/using-your-photos-logos/orange.aspx%22,500
https://www.google.com/search?q=%22https://www.vistaprint.com/es/design/SPC-307497/pastel-green-floral-tarjetas-postales.aspx%22,500
https://www.google.com/search?q=%22https://www.vistaprint.com/es/gallery/AEoDJgEBAAAA8gE=/tarjetas-de-presentaci%C3%B3n-verticales-ultra-thick/medicina-alternativa-y-hol%C3%ADstica/naranja.aspx%22,500
https://www.google.com/search?q=%22https://www.vistaprint.com/logoMakerService/studio?templateId=1838%22,500
https://www.google.com/search?q=%22https://www.vistaprint.com/design/GPV-1196775/red-tools-protective-galaxy-s4-cases.aspx%22,500
https://www.google.com/search?q=%22https://www.vistaprint.com/galleries/api/FavoritesData/GetBookmarks?_=1566432000043&bookmarksProductGroupId=9%22,500
https://www.google.com/search?q=%22https://www.vistaprint.com/design/SBC-808203/yellow-hair-stylist-business-card-stickers.aspx%22,500
https://www.google.com/search?q=%22https://www.vistaprint.com/galleries/StudioUrl/V2?sourceId=2947537_SKU754693&sourceType=template%22,500
https://www.google.com/search?q=%22https://www.vistaprint.com/es/articulos-de-papeleria/tarjetas-recordatorio-de-citas/plantillas/construccion-obras-y-reformas-c136/jardineria-y-paisajismo-c154%22,500
https://www.google.com/search?q=%22https://www.vistaprint.com/galleries/StudioUrl/V2?sourceId=2818551_SKUMIGRATED8036967&sourceType=template%22,500
https://www.google.com/search?q=%22https://www.vistaprint.com/studio.aspx?ag=true&project_id=8ba6a644-6deb-49dc-81d5-4193dbd040b3%22,500
https://www.google.com/search?q=%22https://www.vistaprint.com/es/design/5HW-2050253/negro-el-sr.-y-la-sr.-invitaciones-planas-horizontales-182-x-117-mm.aspx%22,500
https://www.google.com/search?q=%22https://www.vistaprint.com/design/PUD-1097104/red-skull-usb-flash-drives-8-gb.aspx%22,500
https://www.google.com/search?q=%22https://www.vistaprint.com/design/CRL-2880304/brown-woodland-animals-return-address-labels.aspx%22,500
https://www.google.com/search?q=%22https://www.vistaprint.com/galleries/StudioUrl/V2?sourceId=1224228_PWC&sourceType=template%22,500
https://www.google.com/search?q=%22https://www.vistaprint.com/es/gallery/AB8DjQYBAAAA-QE=/camisetas-de-manga-larga/naturaleza-y-paisajes/crema.aspx%22,500
https://www.google.com/search?q=%22https://www.vistaprint.com/galleries/StudioUrl/V2?sourceId=2990067_SKU754703&sourceType=template%22,500
https://www.google.com/search?q=%22https://www.vistaprint.com/galleries/StudioUrl/V2?sourceId=3787790_PX7&sourceType=template%22,500
https://www.google.com/search?q=%22https://www.vistaprint.com/studio.aspx?project_id=6fc5d180-3f87-4fd0-b7c6-02c07facc40c&xnav=Flyers:ProductPage_Flyer_GetStarted%22,500
https://www.google.com/search?q=%22https://www.vistaprint.com/design/B7P-876291/gray-home-security-system-loyalty-cards.aspx%22,500
https://www.google.com/search?q=%22https://www.vistaprint.com/galleries/StudioUrl/V2?sourceId=4624723_EEB&sourceType=template%22,500
https://www.google.com/search?q=%22https://www.vistaprint.com/galleries/StudioUrl/V2?sourceId=47354_D75&sourceType=template%22,500
https://www.google.com/search?q=%22https://www.vistaprint.com/political-lawn-signs.aspx%22,500
https://www.google.com/search?q=%22https://www.vistaprint.com/es/gallery/AHEDAAABAAAAAAA=/18-x-27-carteles-para-exteriores.aspx%22,500
https://www.google.com/search?q=%22https://www.vistaprint.com/galleries/StudioUrl/V2?sourceId=3451818_PW4&sourceType=template%22,500
https://www.google.com/search?q=%22https://www.vistaprint.com/galleries/StudioUrl/V2?sourceId=509711_SKU-545363&sourceType=template%22,500
https://www.google.com/search?q=%22https://www.vistaprint.com/gallery/AMkCAAABAAAA9QE=/standard-business-cards/green.aspx%22,500
https://www.google.com/search?q=%22https://www.vistaprint.com/es/design/BFR-1610136/blanco-asesor-de-negocios-tarjetas-postales-peque%C3%B1as.aspx%22,500
https://www.google.com/search?q=%22https://www.vistaprint.com/stationery/notepads/templates/sports-fitness-c526%22,500
https://www.google.com/search?q=%22https://www.vistaprint.com/signs-posters/banners?xnav=LP643_shop_banners_img%22,500
https://www.google.com/search?q=%22https://www.vistaprint.com/es/gallery/IEkAjgEBAAAAAAA=/calendarios-tipo-p%C3%B3ster/servicio-de-citas.aspx?category_id=31%22,500
https://www.google.com/search?q=%22https://www.vistaprint.com/gallery/IPEN9AABAAAAAAA=/magnetic-notepads/ice-cream-food-trucks.aspx%22,500
https://www.google.com/search?q=%22https://www.vistaprint.com/es/materiales-de-mercadeo/promotional-giveaways%22,500
https://www.google.com/search?q=%22https://www.vistaprint.com/gallery/AB8DpgABAAAA7wE=/long-sleeve-t-shirts/education-child-care/red.aspx%22,500
https://www.google.com/search?q=%22https://www.vistaprint.com/galleries/StudioUrl/V2?sourceId=4271231_MLA&sourceType=template%22,500
https://www.google.com/search?q=%22https://www.vistaprint.com/design/HRL-3054265/white-snowflake-holiday-return-address-labels.aspx%22,500
https://www.google.com/search?q=%22https://www.vistaprint.com/gallery/IGABeAIBAAAA8gE=/small-mailing-labels/manufacturing/orange.aspx%22,500
https://www.google.com/search?q=%22https://www.vistaprint.com/gallery/AB0AmQgBAAAA8AE=/notepads/conservative/white.aspx%22,500
https://www.google.com/search?q=%22https://www.vistaprint.com/signs-posters/yard-signs/templates/holiday-c903/halloween-c992%22,500
https://www.google.com/search?q=%22https://www.vistaprint.com/galleries/StudioUrl/V2?sourceId=2765120_SKU606419&sourceType=template%22,500
https://www.google.com/search?q=%22https://www.vistaprint.com/galleries/StudioUrl/V2?sourceId=1250959_PBP&sourceType=template%22,500
"https://www.google.com/search?q=%22https://www.vistaprint.com/gallery/IEEARwkBAAAA8wE=/invitations-announcements/adult-birthday/purple.aspx?filter=9:10013%7C%7C1,78:10467%7C%7C1,101:10598%7C%7C1,4294936929:4294918254:4294918247%7C%7C2,4294936929:4294918254:4294918247:4294918246%7C%7C3&pagesize=24&sort=p_TO!desc&xnav=breadcrumb&xnid=-1%22",500
https://www.google.com/search?q=%22https://www.vistaprint.com/es/design/SK4-304625/azul-flores-verticales-etiquetas-adhesivas-grandes-en-formato-rectangular.aspx%22,500
https://www.google.com/search?q=%22https://www.vistaprint.com/galleries/StudioUrl/V2?sourceId=812222_QWQ&sourceType=template%22,500
https://www.google.com/search?q=%22https://www.vistaprint.com/galleries/StudioUrl/V2?sourceId=3912642_HY5&sourceType=template%22,500
https://www.google.com/search?q=%22https://www.vistaprint.com/studio.aspx?ag=true&project_id=b20f12e3-4cdd-4621-b462-e531b40f1461%22,500
https://www.google.com/search?q=%22https://www.vistaprint.com/galleries/StudioUrl/V2?sourceId=832140_SKU-Migrated-22948&sourceType=template%22,500
https://www.google.com/search?q=%22https://www.vistaprint.com/galleries/StudioUrl/V2?sourceId=3487114_GP4&sourceType=template%22,500
https://www.google.com/search?q=%22https://www.vistaprint.com/galleries/StudioUrl/V2?sourceId=1005063_F2P&sourceType=template%22,500
https://www.google.com/search?q=%22https://www.vistaprint.com/signs-posters/bulk-yard-signs/templates/construction-repair-improvement-c136/kitchen-bathroom-remodeling-c1522%22,500
https://www.google.com/search?q=%22https://www.vistaprint.com/design/OLH-61597/white-cosmetology-letterhead.aspx%22,500
https://www.google.com/search?q=%22https://www.vistaprint.com/galleries/StudioUrl/V2?sourceId=2403693_PWC&sourceType=template%22,500
https://www.google.com/search?q=%22https://www.vistaprint.com/galleries/StudioUrl/V2?sourceId=3872175_GQK&sourceType=template%22,500
https://www.google.com/search?q=%22https://www.vistaprint.com/galleries/api/FavoritesData/GetBookmarks?_=1567036800054&bookmarksProductGroupId=9%22,500
https://www.google.com/search?q=%22https://www.vistaprint.com/galleries/StudioUrl/V2?sourceId=3132215_F3W&sourceType=template%22,500
https://www.google.com/search?q=%22https://www.vistaprint.com/es/materiales-de-mercadeo/plumas/liverpool-ballpoint/plantillas/sector-inmobiliario-c428/valuacion-e-inversion-inmobiliaria-c429%22,500
https://www.google.com/search?q=%22https://www.vistaprint.com/galleries/StudioUrl/V2?sourceId=4344557_PE1&sourceType=template%22,500
https://www.google.com/search?q=%22https://www.vistaprint.com/gallery/AAQElwEBAAAA8wE=/10-envelopes/law-public-safety-politics/purple.aspx%22,500
https://www.google.com/search?q=%22https://www.vistaprint.com/signs-posters/posters/templates/16-x-20-a566/food-beverage-c231/grocery-stores-c241%22,500
https://www.google.com/search?q=%22https://www.vistaprint.com/galleries/StudioUrl/V2?sourceId=2429226_GP4&sourceType=template%22,500
https://www.google.com/search?q=%22https://www.vistaprint.com/galleries/StudioUrl/V2?sourceId=2052062_CRW&sourceType=template%22,500
https://www.google.com/search?q=%22https://www.vistaprint.com/galleries/StudioUrl/V2?sourceId=2990979_SKU754703&sourceType=template%22,500
https://www.google.com/search?q=%22https://www.vistaprint.com/es/design/OPC-1100016/verde-atalaya-tarjetones.aspx%22,500
https://www.google.com/search?q=%22https://www.vistaprint.com/galleries/StudioUrl/V2?sourceId=297612_MGK&sourceType=template%22,500
https://www.google.com/search?q=%22https://www.vistaprint.com/es/gallery/AFMDlgABAAAAAAA=/tarjetas-de-presentaci%C3%B3n-signature.aspx%22,500
https://www.google.com/search?q=%22https://www.vistaprint.com/design/ML1-284693/white-painting-large-mailing-labels.aspx%22,500
https://www.google.com/search?q=%22https://www.vistaprint.com/gallery/AF0AAAABAAAAAAA=/holiday-cards.aspx%22,500
https://www.google.com/search?q=%22https://www.vistaprint.com/es/gallery/AGoBpgABAAAA7wE=/etiquetas-peque%C3%B1as-para-productos-en-formato-ovalado/educaci%C3%B3n-y-puericultura/rojo.aspx%22,500
https://www.google.com/search?q=%22https://www.vistaprint.com/design/MVN-2240791/blue-plumber-18-x-24-posters.aspx%22,500
https://www.google.com/search?q=%22https://www.vistaprint.com/galleries/StudioUrl/V2?sourceId=285797_JVN&sourceType=template%22,500
https://www.google.com/search?q=%22https://www.vistaprint.com/gallery/IAoEbAEBAAAA8AE=/envelopes/information-technology/white.aspx%22,500
https://www.google.com/search?q=%22https://www.vistaprint.com/galleries/StudioUrl/V2?sourceId=572830_SKU604011&sourceType=template%22,500
https://www.google.com/search?q=%22https://www.vistaprint.com/galleries/StudioUrl/V2?sourceId=2024541_PE1&sourceType=template%22,500
https://www.google.com/search?q=%22https://www.vistaprint.com/es/design/SPC-468833/sky-blue-real-estate-tarjetas-postales.aspx%22,503
https://www.google.com/search?q=%22https://www.vistaprint.com/galleries/StudioUrl/V2?sourceId=3904771_GQD&sourceType=template%22,500
https://www.google.com/search?q=%22https://www.vistaprint.com/galleries/StudioUrl/V2?sourceId=1949697_SKU754693&sourceType=template%22,500
https://www.google.com/search?q=%22https://www.vistaprint.com/es/gallery/AGcA5wABAAAAAAA=/certificados-de-regalo.aspx%22,500
https://www.google.com/search?q=%22https://www.vistaprint.com/es/design/PL1-1744779/crema-bordado-etiquetas-para-productos-peque%C3%B1as-rectangulares.aspx%22,500
https://www.google.com/search?q=%22https://www.vistaprint.com/vp/ns/my_account/doc_view.aspx?alt_doc_id=DNMGD-B4A86-9R1&xnav=MyAccount%22,500
https://www.google.com/search?q=%22https://www.vistaprint.com/galleries/StudioUrl/V2?sourceId=3963594_PE1&sourceType=template%22,500
https://www.google.com/search?q=%22https://www.vistaprint.com/es/design/PFD-2417258/blanco-profesor-sustituto-carpetas-de-presentaci%C3%B3n.aspx%22,500
https://www.google.com/search?q=%22https://www.vistaprint.com/es/design/LHN-1461423/negro-metal-p%C3%B3steres-de-24-x-36-horizontales.aspx%22,500
https://www.google.com/search?q=%22https://www.vistaprint.com/galleries/StudioUrl/V2?sourceId=2308893_GMY&sourceType=template%22,500
https://www.google.com/search?q=%22https://www.vistaprint.com/gallery/AMkCOgEBAAAA8AE=/standard-business-cards/therapy/white.aspx%22,500
https://www.google.com/search?q=%22https://www.vistaprint.com/design/719829_065/powder-blue-interior-design-letterhead.aspx?xnav=gallery%22,500
https://www.google.com/search?q=%22https://www.vistaprint.com/galleries/StudioUrl/V2?sourceId=1402744_PE1&sourceType=template%22,500
https://www.google.com/search?q=%22https://www.vistaprint.com/es/gallery/IFcCKgABAAAA9wE=/tazas/oficios-artesanales/gris.aspx%22,500
https://www.google.com/search?q=%22https://www.vistaprint.com/galleries/StudioUrl/V2?sourceId=1002421_QGJ&sourceType=template%22,500
https://www.google.com/search?q=%22https://www.vistaprint.com/galleries/StudioUrl/V2?sourceId=1347315_MGM&sourceType=template%22,500
https://www.google.com/search?q=%22https://www.vistaprint.com/es/tarjetas-de-presentacion/plasticas/plantillas/educacion-y-puericultura-c166/guarderias-c170%22,500
https://www.google.com/search?q=%22https://www.vistaprint.com/design/CRL-595711/peach-peach-return-address-labels.aspx%22,500
https://www.google.com/search?q=%22https://www.vistaprint.com/gallery/IGcAjQABAAAAAAA=/gift-certificates/carpentry-woodworking.aspx%22,500
https://www.google.com/search?q=%22https://www.vistaprint.com/business-cards/standard/templates/beauty-spa-c112?page=6%22,500
https://www.google.com/search?q=%22https://www.vistaprint.com/es/tarjetas-de-presentacion/plegadas/plantillas/violeta-a499%22,500
https://www.google.com/search?q=%22https://www.vistaprint.com/design/236761_390/white-baby-announcement-holiday-letters.aspx%22,500
https://www.google.com/search?q=%22https://www.vistaprint.com/galleries/api/FavoritesData/GetBookmarks?_=1530316800033&bookmarksProductGroupId=218%22,500
https://www.google.com/search?q=%22https://www.vistaprint.com/gallery/ANcCHwABAAAAAAA=/wallet-calendars/art-entertainment.aspx%22,500
https://www.google.com/search?q=%22https://www.vistaprint.com/signs-posters/tabletop-retractables/templates/construction-repair-improvement-c136/landscaping-gardening-c154%22,500
https://www.google.com/search?q=%22https://www.vistaprint.com/gallery/ILYFqwABAAAA7gE=/rounded-corner-business-cards-standard-matte/blue.aspx%22,500
https://www.google.com/search?q=%22https://www.vistaprint.com/business-cards/standard/templates%22,500
https://www.google.com/search?q=%22https://www.vistaprint.com/galleries/api/FavoritesData/GetBookmarks?_=1565237684044&bookmarksProductGroupId=200%22,500
https://www.google.com/search?q=%22https://www.vistaprint.com/galleries/api/FavoritesData/GetBookmarks?_=1557792000043&bookmarksProductGroupId=26%22,500
https://www.google.com/search?q=%22https://www.vistaprint.com/gallery/AMkCHAIBAAAAAAA=/standard-business-cards.aspx%22,500
https://www.google.com/search?q=%22https://www.vistaprint.com/galleries/StudioUrl/V2?sourceId=4646969_K6D&sourceType=template%22,500
https://www.google.com/search?q=%22https://www.vistaprint.com/es/articulos-de-papeleria/sobres-personalizados/plantillas/marketing-y-comunicacion-c376/internet-c378%22,500
https://www.google.com/search?q=%22https://www.vistaprint.com/design/SPC-471355/cream-coffee-postcards.aspx%22,500
https://www.google.com/search?q=%22https://www.vistaprint.com/studio.aspx?Redirect=true&project_id=ddf1b455-0db7-4142-aa1b-948fda1a4b56%22,500
https://www.google.com/search?q=%22https://www.vistaprint.com/gallery/IN4DlQgBAAAAAAA=/floor-standups/patriotic-military.aspx%22,500
https://www.google.com/search?q=%22https://www.vistaprint.com/es/design/5VW-1918890/marr%C3%B3n-cord%C3%B3n-invitaciones-de-boda-planas-verticales.aspx%22,500
https://www.google.com/search?q=%22https://www.vistaprint.com/digital-marketing/websites/trial-login?arrangementAltId=b6f28207-1baf-42fc-93ba-f47566253702&xnav=Websites%3AGalleryPage_Matching_Template_Scene_TryFirst%22,500
https://www.google.com/search?q=%22https://www.vistaprint.com/es/materiales-de-mercadeo/imanes/calendarios-imantados/plantillas/dias-festivos-c2220%22,500
https://www.google.com/search?q=%22https://www.vistaprint.com/galleries/StudioUrl/V2?sourceId=4492221_SKU-Migrated-22954&sourceType=template%22,500
https://www.google.com/search?q=%22https://www.vistaprint.com/es/tarjetas-de-presentacion/plegadas/plantillas/religion-y-espiritualismo-c445%22,500
https://www.google.com/search?q=%22https://www.vistaprint.com/galleries/StudioUrl/V2?sourceId=647713_JVP&sourceType=template%22,500
https://www.google.com/search?q=%22https://www.vistaprint.com/clothing-bags/mens-t-shirts/hanes-tagless-ink-printed-short-sleeve-t-shirt/templates/art-entertainment-c31/illustration-c34%22,500
https://www.google.com/search?q=%22https://www.vistaprint.com/es/ropa-bolsas/camisetas-para-caballero?response_code=503%22,500
https://www.google.com/search?q=%22https://www.vistaprint.com/design/57V-2146385/white-merry-christmas-vertical-flat-holiday-cards-5x7.aspx%22,500
https://www.google.com/search?q=%22https://www.vistaprint.com/galleries/StudioUrl/V2?sourceId=263976_M7G&sourceType=template%22,500
"https://www.google.com/search?q=%22https://www.vistaprint.com/es/articulos-de-papeleria/etiquetas-para-envios/plantillas/peque%C3%B1as-a105/salud-y-servicios-sociales-c281,Uncategorized,Uncategorized,Uncategorized,Uncategorized%22",500
https://www.google.com/search?q=%22https://www.vistaprint.com/design/FNC-2345786/dark-blue-paper-flowers-horizontal-folded-note-cards-5.5x4.aspx%22,500
https://www.google.com/search?q=%22https://www.vistaprint.com/gallery/IAMAfgACAAAAAAA=/postcards/tanning-salons-2.aspx%22,500
https://www.google.com/search?q=%22https://www.vistaprint.com/design/B7P-876284/brown-camp-loyalty-cards.aspx%22,500
https://www.google.com/search?q=%22https://www.vistaprint.com/galleries/StudioUrl/V2?sourceId=117717_QHJ&sourceType=template%22,500
"https://www.google.com/search?q=%22https://www.vistaprint.com/es/ropa-bolsas/camisetas-para-ninos/plantillas/manga-larga-a457/festividades-y-fiestas-senaladas-c903/halloween-c992,Uncategorized,Uncategorized,Uncategorized,Uncategorized%22",500
https://www.google.com/search?q=%22https://www.vistaprint.com/galleries/StudioUrl/V2?sourceId=4534464_SKU559046&sourceType=template%22,500
https://www.google.com/search?q=%22https://www.vistaprint.com/design/B7F-1105259/green-trees-vertical-standard-business-cards.aspx%22,500
https://www.google.com/search?q=%22https://www.vistaprint.com/galleries/StudioUrl/V2?sourceId=2090730_SKUMIGRATED7502109&sourceType=template%22,500
https://www.google.com/search?q=%22https://www.vistaprint.com/es/gallery/INADhwMBAAAAAAA=/carteles-de-espuma/festividades-y-fiestas-senaladas.aspx%22,500
https://www.google.com/search?q=%22https://www.vistaprint.com/hub/business-card-design-rules?xnav=LP849%22,500
https://www.google.com/search?q=%22https://www.vistaprint.com/es/design/OPC-835221/marr%C3%B3n-oscuro-evento-fot%C3%B3grafo-tarjetones.aspx%22,500
https://www.google.com/search?q=%22https://www.vistaprint.com/clothing-bags/mens-sweatshirts/jerzees-embroidered-sweatshirts/templates/art-entertainment-c31/movies-film-c1498%22,500
https://www.google.com/search?q=%22https://www.vistaprint.com/es/design/BPS-267625/blanco-calendario-pegatinas-rectangulares-para-coches.aspx%22,500
https://www.google.com/search?q=%22https://www.vistaprint.com/design/MVN-1723445/gray-fish-market-18-x-24-posters.aspx%22,500
https://www.google.com/search?q=%22https://www.vistaprint.com/es/gallery/IAMAZQABAAAAAAA=/tarjetas-postales/servicios-de-mensajeria.aspx%22,500
https://www.google.com/search?q=%22https://www.vistaprint.com/digital-marketing/websites/templates/107-parking-services%22,500
https://www.google.com/search?q=%22https://www.vistaprint.com/clothing-bags/womens-polos/jerzees-womens-polo-shirt/templates/real-estate-c428/mortgage-loan-c436%22,500
https://www.google.com/search?q=%22https://www.vistaprint.com/es/gallery/AFMD-AUBAAAAAAA=/tarjetas-de-presentaci%C3%B3n-signature/agente-de-bolsa.aspx%22,500
https://www.google.com/search?q=%22https://www.vistaprint.com/es/materiales-de-mercadeo/plumas/premium-ballpoint/plantillas/arte-y-entretenimiento-c31/pintura-arte-c36%22,500
https://www.google.com/search?q=%22https://www.vistaprint.com/es/materiales-de-mercadeo/tarjetas-informativas/plantillas/salud-y-servicios-sociales-c281/servicio-de-acogimiento-y-adopcion-c284%22,500
https://www.google.com/search?q=%22https://www.vistaprint.com/business-cards/metallic/templates/finance-insurance-c205%22,500
https://www.google.com/search?q=%22https://www.vistaprint.com/gallery/AHIBuAUBAAAA7gE=/stickers/kids/blue.aspx%22,500
https://www.google.com/search?q=%22https://www.vistaprint.com/galleries/StudioUrl/V2?sourceId=4342279_SKU606419&sourceType=template%22,500
https://www.google.com/search?q=%22https://www.vistaprint.com/clothing-bags/hats-1/hats/templates/sports-fitness-c526%22,500
https://www.google.com/search?q=%22https://www.vistaprint.com/es/design/CNC-259976/crema-tarjeta-de-contacto-de-emergencia-notas-personales-planas-horizontales-139-x-107-mm.aspx%22,500
https://www.google.com/search?q=%22https://www.vistaprint.com/es/design/863511_B73_023/white-maternity-tarjetas-de-presentaci%C3%B3n-standard.aspx?xnav=gallery%22,500
https://www.google.com/search?q=%22https://www.vistaprint.com/offrecdiscount.aspx?image_id=-1&upload_success=1%22,500
https://www.google.com/search?q=%22https://www.vistaprint.com/galleries/StudioUrl/V2?sourceId=2258223_SKU606419&sourceType=template%22,500
https://www.google.com/search?q=%22https://www.vistaprint.com/es/carteles-posteres/posteres-en-grandes-cantidades/plantillas/comida-y-bebida-c231/carritos-de-comida-y-helados-c244%22,500
https://www.google.com/search?q=%22https://www.vistaprint.com/galleries/StudioUrl/V2?sourceId=2624637_LVY&sourceType=template%22,500
https://www.google.com/search?q=%22https://www.vistaprint.com/galleries/StudioUrl/V2?sourceId=3560928_SKU610536&sourceType=template%22,500
https://www.google.com/search?q=%22https://www.vistaprint.com/es/gallery/AHYBigYBAAAA7wE=/etiquetas-adhesivas/alimentaci%C3%B3n-y-cocina/rojo.aspx%22,500
https://www.google.com/search?q=%22https://www.vistaprint.com/gallery/AKYBDgIBAAAA8QE=/full-page-flyers/sports-fitness/yellow.aspx%22,500
https://www.google.com/search?q=%22https://www.vistaprint.com/es/gallery/II8DpAIBAAAA9QE=/colgadores-para-puerta/se-vende/verde.aspx%22,500
https://www.google.com/search?q=%22https://www.vistaprint.com/es/materiales-de-mercadeo/imanes/calendarios-imantados/plantillas/automocion-y-transporte-c93/taller-de-carroceria-y-mecanica-c106%22,500
https://www.google.com/search?q=%22https://www.vistaprint.com/galleries/StudioUrl/V2?sourceId=1927510_GP4&sourceType=template%22,500
https://www.google.com/search?q=%22https://www.vistaprint.com/design/ML3-285600/white-landscape-small-mailing-labels.aspx%22,500
https://www.google.com/search?q=%22https://www.vistaprint.com/studio.aspx?Redirect=true&project_id=e8e41d71-4165-4abf-970d-a78a370540c8%22,500
https://www.google.com/search?q=%22https://www.vistaprint.com/es/design/OLH-1987495/blanco-cascada-papel-de-carta.aspx%22,500
https://www.google.com/search?q=%22https://www.vistaprint.com/es/gallery/IMkCGgEBAAAA-AE=/tarjetas-de-presentaci%C3%B3n-standard/vivienda-social/negro.aspx%22,500
https://www.google.com/search?q=%22https://www.vistaprint.com/marketing-materials/pens/dublin-stylus-ballpoint/templates/beauty-spa-c112/hair-salons-c116%22,500
https://www.google.com/search?q=%22https://www.vistaprint.com/galleries/StudioUrl/V2?sourceId=287005_JVN&sourceType=template%22,500
https://www.google.com/search?q=%22https://www.vistaprint.com/es/design/GPV-1856358/rosa-geom%C3%A9trico-fundas-protectoras-para-samsung-galaxy-s4.aspx%22,500
https://www.google.com/search?q=%22https://www.vistaprint.com/studio4/api/studiourl?Redirect=true&ag=True&sourceId=798250_HVP&sourceType=template%22,500
https://www.google.com/search?q=%22https://www.vistaprint.com/galleries/StudioUrl/V2?sourceId=2548132_M7G&sourceType=template%22,500
https://www.google.com/search?q=%22https://www.vistaprint.com/design/INV-38538/blue-party-hat-flat-invitations.aspx%22,407
https://www.google.com/search?q=%22https://www.vistaprint.com/gallery/IFMD9AABAAAAAAA=/signature-business-cards/ice-cream-food-trucks.aspx%22,407
https://www.google.com/search?q=%22https://www.vistaprint.com/gallery/IMoDqQgBAAAA-AE=/foam-boards/fun-whimsical/black.aspx%22,500
https://www.google.com/search?q=%22https://www.vistaprint.com/galleries/api/FavoritesData/GetBookmarks?_=1570065800022&bookmarksProductGroupId=90%22,500
https://www.google.com/search?q=%22https://www.vistaprint.com/studio.aspx?ag=true&page=1&project_id=7c3d6a5f-5da8-4c8b-98fb-d37a7b7ecdf5%22,500
https://www.google.com/search?q=%22https://www.vistaprint.com/galleries/StudioUrl/V2?sourceId=1833925_GNV&sourceType=template%22,500
https://www.google.com/search?q=%22https://www.vistaprint.com/galleries/api/FavoritesData/GetBookmarks?_=1544745600102&bookmarksProductGroupId=387%22,500
https://www.google.com/search?q=%22https://www.vistaprint.com/design/VCP-84729/pink-snowflake-poster-calendars.aspx%22,500
https://www.google.com/search?q=%22https://www.vistaprint.com/galleries/StudioUrl/V2?sourceId=2258780_CTB&sourceType=template%22,500
"https://www.google.com/search?q=%22https://www.vistaprint.com/marketing-materials/rack-cards/templates/education-child-care-c166/child-care-c626,Uncategorized,Uncategorized%22",500
https://www.google.com/search?q=%22https://www.vistaprint.com/es/design/2226260_150/gris-geom%C3%A9trico-tr%C3%ADpticos-de-8.5-x-11.aspx?xnav=gallery%22,500
https://www.google.com/search?q=%22https://www.vistaprint.com/es/design/PFD-37071/blanco-cruz-carpetas-de-presentaci%C3%B3n.aspx%22,500
https://www.google.com/search?q=%22https://www.vistaprint.com/galleries/StudioUrl/V2?sourceId=4291386_ML4&sourceType=template%22,500
https://www.google.com/search?q=%22https://www.vistaprint.com/clothing-bags/womens-polos/jerzees-womens-polo-shirt/templates/real-estate-c428/property-management-c437%22,500
https://www.google.com/search?q=%22https://www.vistaprint.com/galleries/StudioUrl/V2?sourceId=1105594_CTB&sourceType=template%22,500
https://www.google.com/search?q=%22https://www.vistaprint.com/es/design/HAT-507130/verde-arte-gorras-estampadas.aspx%22,500
https://www.google.com/search?q=%22https://www.vistaprint.com/studio4/api/studiourl?Redirect=true&ag=True&sourceId=738782_084&sourceType=template%22,500
https://www.google.com/search?q=%22https://www.vistaprint.com/galleries/StudioUrl/V2?sourceId=2555043_F2T&sourceType=template%22,500
https://www.google.com/search?q=%22https://www.vistaprint.com/preview/image.aspx?image_token=1645043258-6e01540153-5a8f88&image_type=upload&png=1%22,500
https://www.google.com/search?q=%22https://www.vistaprint.com/gallery/IBMAPwABAAAA8AE=/folders/fashion-modeling/white.aspx%22,500
https://www.google.com/search?q=%22https://www.vistaprint.com/studio.aspx?ag=true&project_id=79c7a116-4af1-423d-b0ba-f9a425245aa6&template=457615%7es64_SKUMIGRATED67888%22,500
https://www.google.com/search?q=%22https://www.vistaprint.com/design/FOV-676083/black-coffee-vertical-half-page-flyers.aspx%22,500
https://www.google.com/search?q=%22https://www.vistaprint.com/es/sellos-de-caucho.aspx%22,500
https://www.google.com/search?q=%22https://www.vistaprint.com/design/SK6-2266150/red-snowflake-small-stickers-circle.aspx%22,500
https://www.google.com/search?q=%22https://www.vistaprint.com/gallery/IMkCQQABAAAAAAA=/standard-business-cards/graphic-design.aspx%22,500
https://www.google.com/search?q=%22https://www.vistaprint.com/design/745947_065/gold-cross-letterhead.aspx%22,500
https://www.google.com/search?q=%22https://www.vistaprint.com/es/gallery/IGABTgQBAAAAAAA=/etiquetas-para-env%C3%ADos-peque%C3%B1as/vinos-y-licores.aspx%22,500
https://www.google.com/search?q=%22https://www.vistaprint.com/galleries/StudioUrl/V2?sourceId=3018178_SKU606415&sourceType=template%22,500
https://www.google.com/search?q=%22https://www.vistaprint.com/vp/ns/my_account/order_history.aspx?pr_api_key=13b3b298-dbf6-49c3-a55e-2b58ff5328e1&pr_merchant_group_id=77359&pr_merchant_id=188899&pr_page_id=MP-756376%22,500
https://www.google.com/search?q=%22https://www.vistaprint.com/galleries/StudioUrl/V2?sourceId=864262_GPT&sourceType=template%22,500
https://www.google.com/search?q=%22https://www.vistaprint.com/design/PEN-260530/cream-baby-announcement-pens.aspx%22,500
https://www.google.com/search?q=%22https://www.vistaprint.com/galleries/StudioUrl/V2?sourceId=3259625_CPT&sourceType=template%22,500
https://www.google.com/search?q=%22https://www.vistaprint.com/es/design/WIV-3333905/gris-corona-invitaciones-planas-verticales-139-x-216-mm.aspx%22,500
"https://www.google.com/search?q=%22https://www.vistaprint.com/business-cards/colorfill/templates/health-social-services-c281/foster-services-adoption-c284,Uncategorized,Uncategorized%22",500
https://www.google.com/search?q=%22https://www.vistaprint.com/digital-marketing/websites/trial-login?arrangementAltId=90951098-911b-4fe8-90bc-5f176a127256&xnav=Websites%3AGalleryPage_Matching_Template_Scene_TryFirst%22,500
https://www.google.com/search?q=%22https://www.vistaprint.com/gallery/AAQE5wABAAAA8QE=/10-envelopes/food-beverage/yellow.aspx%22,500
https://www.google.com/search?q=%22https://www.vistaprint.com/business-cards/pearl/templates/automotive-transportation-c93/driving-schools-c102%22,500
"https://www.google.com/search?q=%22https://www.vistaprint.com/es/materiales-de-mercadeo/bolsas-de-papel/plantillas/moderno-c2206,Uncategorized,Uncategorized%22",500
https://www.google.com/search?q=%22https://www.vistaprint.com/design/MVN-2520538/yellow-veterinarian-18-x-24-posters.aspx%22,500
https://www.google.com/search?q=%22https://www.vistaprint.com/stationery/sticky-notes/templates/has-logo-photo-area-a3%22,500
https://www.google.com/search?q=%22https://www.vistaprint.com/gallery/IFgA2AEBAAAAAAA=/11-x-17-posters/jewelry.aspx%22,500
https://www.google.com/search?q=%22https://www.vistaprint.com/business-cards/premium-plus/templates/information-technology-c364/mobile-devices-telecommunication-c372%22,500
https://www.google.com/search?q=%22https://www.vistaprint.com/galleries/StudioUrl/V2?sourceId=1666179_GP4&sourceType=template%22,500
https://www.google.com/search?q=%22https://www.vistaprint.com/design/RAL-2363453/gray-pattern-return-address-labels.aspx%22,500
https://www.google.com/search?q=%22https://www.vistaprint.com/es/design/FOV-1114841/azul-profesional-flyers-verticales-de-media-p%C3%A1gina.aspx%22,500
https://www.google.com/search?q=%22https://www.vistaprint.com/galleries/StudioUrl/V2?sourceId=264877_M7G&sourceType=template%22,500
https://www.google.com/search?q=%22https://www.vistaprint.com/galleries/StudioUrl/V2?sourceId=875524_JTM&sourceType=template%22,500
https://www.google.com/search?q=%22https://www.vistaprint.com/studio.aspx?alt_doc_id=3706K-L5A33-5O3&cart_alt_doc_id=3706K-L5A33-5O3&page=2&pf_id=F2Y&project_id=146f49ef-1347-4920-927d-b43fb97c26ba%22,500
https://www.google.com/search?q=%22https://www.vistaprint.com/es/design/PL8-1334712/rojo-cargue-una-insignia-etiquetas-grandes-para-productos-en-formato-redondo.aspx%22,500
https://www.google.com/search?q=%22https://www.vistaprint.com/es/gallery/IAYAeQABAAAA-QE=/etiquetas-para-remitente/depilacion/crema.aspx%22,500
https://www.google.com/search?q=%22https://www.vistaprint.com/gallery/AE8BSAABAAAAAAA=/folded-business-cards/music.aspx%22,500
https://www.google.com/search?q=%22https://www.vistaprint.com/signs-posters/table-runners/templates/beauty-spa-c112/skin-care-c124%22,500
https://www.google.com/search?q=%22https://www.vistaprint.com/photo-gifts/calendars/poster-calendars/templates/finance-insurance-c205/loan-officer-c226%22,500
https://www.google.com/search?q=%22https://www.vistaprint.com/es/design/EHD-461207/granate-elegante-sudaderas-bordadas.aspx%22,500
https://www.google.com/search?q=%22https://www.vistaprint.com/es/design/MGP-2856002/azul-marino-b%C3%A9isbol-mam%C3%A1-tazas.aspx%22,500
https://www.google.com/search?q=%22https://www.vistaprint.com/hub/digital-marketing?xnav=LP573_article_digital_marketing_topic_cta%22,500
https://www.google.com/search?q=%22https://www.vistaprint.com/es/design/RAL-1617934/blanco-abastecedor-etiquetas-para-remitente.aspx%22,500
https://www.google.com/search?q=%22https://www.vistaprint.com/galleries/StudioUrl/V2?sourceId=888541_F3Z&sourceType=template%22,500
https://www.google.com/search?q=%22https://www.vistaprint.com/design/WTY-1986478/teal-ice-cream-wedding-thank-you-notes.aspx%22,500
https://www.google.com/search?q=%22https://www.vistaprint.com/galleries/StudioUrl/V2?sourceId=4866929_HY8&sourceType=template%22,500
https://www.google.com/search?q=%22https://www.vistaprint.com/design/SKE-1350925/black-here-comes-the-bride-envelope-seals.aspx%22,500
https://www.google.com/search?q=%22https://www.vistaprint.com/galleries/api/FavoritesData/GetBookmarks?_=1567382400032&bookmarksProductGroupId=397%22,500
https://www.google.com/search?q=%22https://www.vistaprint.com/es/design/VPS-1764835/blanco-seguro-de-autom%C3%B3vil-p%C3%B3steres-de-11%E2%80%9D-x-17%E2%80%9D.aspx%22,500
https://www.google.com/search?q=%22https://www.vistaprint.com/galleries/api/FavoritesData/GetBookmarks?_=1558224000022&bookmarksProductGroupId=97%22,500
https://www.google.com/search?q=%22https://www.vistaprint.com/es/gallery/AFMDngABAAAAAAA=/tarjetas-de-presentaci%C3%B3n-signature.aspx%22,500
https://www.google.com/search?q=%22https://www.vistaprint.com/any/lp.aspx?r2qs=QSH_hwgUgUZYELrf__7ZP_JRElAAKJNwAAW___2yf$T$AAABYEkhlf7mSiJKAAUSbgAAhWhYFUUPs6j02nac2TTmhj6FAAABgUeUk1WelJrWgpSeV2cUm1iEsUm9iPsUklieQUl9irgUmFi$KUlFjQ0Uk9jeAUlljtYUk1j2KUllkEcUmNkNOUlFkdtaFgVRQ73OFDadpzZNOaGPoRgAAGBSNFJZXVJSr17UUVX_ZSrWIIxSo2IsxSpWJORSr2JshSm2KNpSsWKcxSrWK$JSr2LTJSm2L0RSkWMDhStWMexSkWNGJSn2NhZSq2NwhSuWOIpR9jo$UpljwiUq9j0UUVY$NFKtY$ylIjZBDFIjZB_FIjZC72haEo0RJQACNEm4AAwZiZGyIQA-&vt=8&width=440%22,500
https://www.google.com/search?q=%22https://www.vistaprint.com/marketing-materials/labels-stickers/name-tags/templates/art-entertainment-c31/writing-editing-c1503%22,500
https://www.google.com/search?q=%22https://www.vistaprint.com/galleries/StudioUrl/V2?sourceId=2008477_F3P&sourceType=template%22,500
https://www.google.com/search?q=%22https://www.vistaprint.com/raised-print-business-cards.aspx%22,500
https://www.google.com/search?q=%22https://www.vistaprint.com/gallery/ICcDPgIBAAAAAAA=/car-magnets/sports-medicine.aspx%22,500
https://www.google.com/search?q=%22https://www.vistaprint.com/galleries/StudioUrl/V2?sourceId=315601_QHM&sourceType=template%22,500
https://www.google.com/search?q=%22https://www.vistaprint.com/es/gallery/IAMASAABAAAAAAA=/tarjetas-postales/musica.aspx?category_id=31%22,500
https://www.google.com/search?q=%22https://www.vistaprint.com/gallery/IOUCrgUBAAAA8AE=/personal-business-cards/mommy-cards/white.aspx%22,500
https://www.google.com/search?q=%22https://www.vistaprint.com/galleries/api/FavoritesData/GetBookmarks?_=1567123200032&bookmarksProductGroupId=337%22,500
https://www.google.com/search?q=%22https://www.vistaprint.com/es/design/BFR-1604206/negro-hortensias-tarjetas-postales-peque%C3%B1as.aspx%22,500
https://www.google.com/search?q=%22https://www.vistaprint.com/es/design/BFR-1589096/crema-globos-tarjetas-postales-peque%C3%B1as.aspx%22,500
https://www.google.com/search?q=%22https://www.vistaprint.com/es/gallery/AMkCIAABAAAA7gE=/tarjetas-de-presentaci%C3%B3n-standard/antig%C3%BCedades/azul.aspx%22,500
https://www.google.com/search?q=%22https://www.vistaprint.com/gallery/ICcDpAUBAAAA9AE=/car-magnets-11.5-x-17.6/feminine/pink.aspx%22,500
https://www.google.com/search?q=%22https://www.vistaprint.com/es/gallery/INcCXQABAAAAAAA=/calendarios-de-bolsillo.aspx%22,500
https://www.google.com/search?q=%22https://www.vistaprint.com/galleries/StudioUrl/V2?sourceId=876115_JTM&sourceType=template%22,500
https://www.google.com/search?q=%22https://www.vistaprint.com/es/articulos-de-papeleria/invitaciones-para-bodas/plantillas/amarillo-a497%22,500
https://www.google.com/search?q=%22https://www.vistaprint.com/es/gallery/IB8AHwEBAAAAAAA=/bol%C3%ADgrafos/dentistas.aspx%22,500
https://www.google.com/search?q=%22https://www.vistaprint.com/galleries/StudioUrl/V2?sourceId=3926075_R0F&sourceType=template%22,407
https://www.google.com/search?q=%22https://www.vistaprint.com/es/design/PL5-283752/negro-er%C3%B3tico-etiquetas-peque%C3%B1as-para-productos-en-formato-ovalado.aspx%22,407
https://www.google.com/search?q=%22https://www.vistaprint.com/gallery/IFcCmggDAAAAAAA=/mugs/elegant-3.aspx%22,407
https://www.google.com/search?q=%22https://www.vistaprint.com/galleries/api/FavoritesData/GetBookmarks?_=1542499200102&bookmarksProductGroupId=9%22,407
